FILENAME,IDENTITY
(a) Benzyl Penicillin-1.png, (a) Benzyl Penicillin-1
(a) Benzyl Penicillin-2.png, (a) Benzyl Penicillin-2
(a) Benzyl Penicillin-3.png, (a) Benzyl Penicillin-3
(a) Benzyl Penicillin-5.png, (a) Benzyl Penicillin-5
(a) Benzyl Penicillin.png, (a) Benzyl Penicillin
(a) Oxytetracyclline-1.png, (a) Oxytetracyclline-1
(a) Oxytetracyclline-3.png, (a) Oxytetracyclline-3
(a) Oxytetracyclline-4.png, (a) Oxytetracyclline-4
(a) Oxytetracyclline-5.png, (a) Oxytetracyclline-5
(a) Propanolol-1.png, (a) Propanolol-1
(a) Propanolol-2.png, (a) Propanolol-2
(a) Propanolol-3.png, (a) Propanolol-3
(a) Propanolol-4.png, (a) Propanolol-4
(a) Propanolol-5.png, (a) Propanolol-5
(a) Propanolol.png, (a) Propanolol
(b) Benzathine Benzyl Penicillin-1.png, (b) Benzathine Benzyl Penicillin-1
(b) Benzathine Benzyl Penicillin-2.png, (b) Benzathine Benzyl Penicillin-2
(b) Benzathine Benzyl Penicillin-3.png, (b) Benzathine Benzyl Penicillin-3
(b) Benzathine Benzyl Penicillin-4.png, (b) Benzathine Benzyl Penicillin-4
(b) Benzathine Benzyl Penicillin.png, (b) Benzathine Benzyl Penicillin
(b) Chlortetracycline-1.png, (b) Chlortetracycline-1
(b) Chlortetracycline-2.png, (b) Chlortetracycline-2
(b) Chlortetracycline-3.png, (b) Chlortetracycline-3
(b) Chlortetracycline-4.png, (b) Chlortetracycline-4
(b) Chlortetracycline-5.png, (b) Chlortetracycline-5
(b) Chlortetracycline.png, (b) Chlortetracycline
(b) Isopreterenol-1.png, (b) Isopreterenol-1
(b) Isopreterenol-2.png, (b) Isopreterenol-2
(b) Isopreterenol-4.png, (b) Isopreterenol-4
(b) Isopreterenol-5.png, (b) Isopreterenol-5
(b) Isopreterenol.png, (b) Isopreterenol
(c) Doxycycline-2.png, (c) Doxycycline-2
(c) Doxycycline-3.png, (c) Doxycycline-3
(c) Doxycycline-4.png, (c) Doxycycline-4
(c) Procane Benzyl Penicillin-1.png, (c) Procane Benzyl Penicillin-1
(c) Procane Benzyl Penicillin-3.png, (c) Procane Benzyl Penicillin-3
(c) Procane Benzyl Penicillin-5.png, (c) Procane Benzyl Penicillin-5
(c) Procane Benzyl Penicillin.png, (c) Procane Benzyl Penicillin
(c) Sotalol-1.png, (c) Sotalol-1
(c) Sotalol-2.png, (c) Sotalol-2
(c) Sotalol-4.png, (c) Sotalol-4
(c) Sotalol-5.png, (c) Sotalol-5
(c) Sotalol.png, (c) Sotalol
(d) Dichloro Isopreterenol-1.png, (d) Dichloro Isopreterenol-1
(d) Dichloro Isopreterenol-2.png, (d) Dichloro Isopreterenol-2
(d) Dichloro Isopreterenol-4.png, (d) Dichloro Isopreterenol-4
(d) Dichloro Isopreterenol-5.png, (d) Dichloro Isopreterenol-5
(d) Phenoxymethylpenicilin-1.png, (d) Phenoxymethylpenicilin-1
(d) Phenoxymethylpenicilin-2.png, (d) Phenoxymethylpenicilin-2
(d) Phenoxymethylpenicilin-3.png, (d) Phenoxymethylpenicilin-3
(d) Phenoxymethylpenicilin-4.png, (d) Phenoxymethylpenicilin-4
(d) Phenoxymethylpenicilin-5.png, (d) Phenoxymethylpenicilin-5
(d) Phenoxymethylpenicilin.png, (d) Phenoxymethylpenicilin
(e) cloxacillin-1.png, (e) cloxacillin-1
(e) cloxacillin-2.png, (e) cloxacillin-2
(e) cloxacillin-3.png, (e) cloxacillin-3
(e) cloxacillin-4.png, (e) cloxacillin-4
(e) cloxacillin.png, (e) cloxacillin
(f) Ampicillin-1.png, (f) Ampicillin-1
(f) Ampicillin-2.png, (f) Ampicillin-2
(f) Ampicillin-3.png, (f) Ampicillin-3
(f) Ampicillin-4.png, (f) Ampicillin-4
(f) Ampicillin.png, (f) Ampicillin
(g) Amoxycilin-1.png, (g) Amoxycilin-1
(g) Amoxycilin-2.png, (g) Amoxycilin-2
(g) Amoxycilin-3.png, (g) Amoxycilin-3
(g) Amoxycilin-4.png, (g) Amoxycilin-4
6 – Mercaptopurine-3.png, 6 – Mercaptopurine-3
6 – Mercaptopurine.png, 6 – Mercaptopurine
Acepromazin Maliate-1.png, Acepromazin Maliate-1
Acepromazin Maliate-2.png, Acepromazin Maliate-2
Acepromazin Maliate-3.png, Acepromazin Maliate-3
Acepromazin Maliate-5.png, Acepromazin Maliate-5
Acetazolamide-1.png, Acetazolamide-1
Acetazolamide-2.png, Acetazolamide-2
Acetazolamide-3.png, Acetazolamide-3
Acetazolamide-4.png, Acetazolamide-4
Acetazolamide-5.png, Acetazolamide-5
Acetazolamide.png, Acetazolamide
Aceterphin hydrochloride-2.png, Aceterphin hydrochloride-2
Aceterphin hydrochloride-3.png, Aceterphin hydrochloride-3
Aceterphin hydrochloride-4.png, Aceterphin hydrochloride-4
Aceterphin hydrochloride-5.png, Aceterphin hydrochloride-5
Aceterphin hydrochloride.png, Aceterphin hydrochloride
Acetyl dihydrocodeine-1.png, Acetyl dihydrocodeine-1
Acetyl dihydrocodeine-2.png, Acetyl dihydrocodeine-2
Acetyl dihydrocodeine-4.png, Acetyl dihydrocodeine-4
Acetyl dihydrocodeine-5.png, Acetyl dihydrocodeine-5
Acetyl dihydrocodeine.png, Acetyl dihydrocodeine
Acetyl dihydrocodinon-2.png, Acetyl dihydrocodinon-2
Acetyl dihydrocodinon-3.png, Acetyl dihydrocodinon-3
Acetyl dihydrocodinon-4.png, Acetyl dihydrocodinon-4
Acetyl dihydrocodinon-5.png, Acetyl dihydrocodinon-5
Acetyl methadol-2.png, Acetyl methadol-2
Acetyl methadol-3.png, Acetyl methadol-3
Acetyl methadol-4.png, Acetyl methadol-4
Acetyl methadol-5.png, Acetyl methadol-5
Acetyl methadol.png, Acetyl methadol
Active Ingredients of Marijuana-1.png, Active Ingredients of Marijuana-1
Active Ingredients of Marijuana-2.png, Active Ingredients of Marijuana-2
Active Ingredients of Marijuana-4.png, Active Ingredients of Marijuana-4
Active Ingredients of Marijuana-5.png, Active Ingredients of Marijuana-5
Active Ingredients of Marijuana.png, Active Ingredients of Marijuana
Allopurinol-3.png, Allopurinol-3
Allopurinol-5.png, Allopurinol-5
Allopurinol.png, Allopurinol
Allyl prodine-1.png, Allyl prodine-1
Allyl prodine-2.png, Allyl prodine-2
Allyl prodine-3.png, Allyl prodine-3
Allyl prodine-4.png, Allyl prodine-4
Allyl prodine-5.png, Allyl prodine-5
Allyl prodine.png, Allyl prodine
Alpha acetyl methadol-1.png, Alpha acetyl methadol-1
Alpha acetyl methadol-2.png, Alpha acetyl methadol-2
Alpha acetyl methadol-3.png, Alpha acetyl methadol-3
Alpha acetyl methadol-4.png, Alpha acetyl methadol-4
Alpha acetyl methadol-5.png, Alpha acetyl methadol-5
Alpha acetyl methadol.png, Alpha acetyl methadol
Alpha meprodine-1.png, Alpha meprodine-1
Alpha meprodine-2.png, Alpha meprodine-2
Alpha meprodine-3.png, Alpha meprodine-3
Alpha meprodine-4.png, Alpha meprodine-4
Alpha meprodine-5.png, Alpha meprodine-5
Alpha meprodine.png, Alpha meprodine
Alpha methadol-1.png, Alpha methadol-1
Alpha methadol-2.png, Alpha methadol-2
Alpha methadol-3.png, Alpha methadol-3
Alpha methadol-4.png, Alpha methadol-4
Alpha methadol-5.png, Alpha methadol-5
Alpha methadol.png, Alpha methadol
Alpha prodine-2.png, Alpha prodine-2
Alpha prodine-3.png, Alpha prodine-3
Alpha prodine-4.png, Alpha prodine-4
Alpha prodine-5.png, Alpha prodine-5
Alpha prodine.png, Alpha prodine
Alprazolam-1.png, Alprazolam-1
Alprazolam-2.png, Alprazolam-2
Alprazolam-3.png, Alprazolam-3
Alprazolam-5.png, Alprazolam-5
Alprazolam.png, Alprazolam
Alyl Isopropyle Acetyl Uuria-2.png, Alyl Isopropyle Acetyl Uuria-2
Alyl Isopropyle Acetyl Uuria-3.png, Alyl Isopropyle Acetyl Uuria-3
Alyl Isopropyle Acetyl Uuria-4.png, Alyl Isopropyle Acetyl Uuria-4
Alyl Isopropyle Acetyl Uuria-5.png, Alyl Isopropyle Acetyl Uuria-5
Alyl Isopropyle Acetyl Uuria.png, Alyl Isopropyle Acetyl Uuria
Amayl Nitrite-2.png, Amayl Nitrite-2
Amayl Nitrite-3.png, Amayl Nitrite-3
Amayl Nitrite-4.png, Amayl Nitrite-4
Amayl Nitrite-5.png, Amayl Nitrite-5
Amayl Nitrite.png, Amayl Nitrite
Aminopterin-1.png, Aminopterin-1
Aminopterin-2.png, Aminopterin-2
Aminopterin-3.png, Aminopterin-3
Aminopterin-4.png, Aminopterin-4
Aminopterin-5.png, Aminopterin-5
Amipramine-1.png, Amipramine-1
Amipramine-2.png, Amipramine-2
Amipramine-3.png, Amipramine-3
Amipramine-4.png, Amipramine-4
Amipramine-5.png, Amipramine-5
Amipramine.png, Amipramine
Amitriptyline-2.png, Amitriptyline-2
Amitriptyline-3.png, Amitriptyline-3
Amitriptyline-4.png, Amitriptyline-4
Amitriptyline-5.png, Amitriptyline-5
Amobarbital-1.png, Amobarbital-1
Amobarbital-2.png, Amobarbital-2
Amobarbital-3.png, Amobarbital-3
Amobarbital-4.png, Amobarbital-4
Amobarbital-5.png, Amobarbital-5
Amobarbital.png, Amobarbital
Amphetamin-1.png, Amphetamin-1
Amphetamin-2.png, Amphetamin-2
Amphetamin-4.png, Amphetamin-4
Amphetamin-5.png, Amphetamin-5
Amphetamin.png, Amphetamin
Amphotericin B-1.png, Amphotericin B-1
Amphotericin B-2.png, Amphotericin B-2
Amphotericin B-3.png, Amphotericin B-3
Amphotericin B-4.png, Amphotericin B-4
Amphotericin B-5.png, Amphotericin B-5
Amphotericin B.png, Amphotericin B
Anileridine-1.png, Anileridine-1
Anileridine-2.png, Anileridine-2
Anileridine-3.png, Anileridine-3
Anileridine-4.png, Anileridine-4
Anileridine-5.png, Anileridine-5
Anti Rabies Serum-1.png, Anti Rabies Serum-1
Anti Rabies Serum-2.png, Anti Rabies Serum-2
Anti Rabies Serum-3.png, Anti Rabies Serum-3
Anti Rabies Serum-5.png, Anti Rabies Serum-5
Anti Rabies Serum.png, Anti Rabies Serum
Antigen-3.png, Antigen-3
Antigen-5.png, Antigen-5
Antigen.png, Antigen
Antimani Potasium Tartrate-1.png, Antimani Potasium Tartrate-1
Antimani Potasium Tartrate-2.png, Antimani Potasium Tartrate-2
Antimani Potasium Tartrate-3.png, Antimani Potasium Tartrate-3
Antimani Potasium Tartrate-4.png, Antimani Potasium Tartrate-4
Antimani Potasium Tartrate-5.png, Antimani Potasium Tartrate-5
Antitoxin-1.png, Antitoxin-1
Antitoxin-2.png, Antitoxin-2
Antitoxin-3.png, Antitoxin-3
Antitoxin-4.png, Antitoxin-4
Antitoxin-5.png, Antitoxin-5
Antivenom-1.png, Antivenom-1
Antivenom-2.png, Antivenom-2
Antivenom-3.png, Antivenom-3
Antivenom-4.png, Antivenom-4
Antivenom.png, Antivenom
Apomorphine-1.png, Apomorphine-1
Apomorphine-2.png, Apomorphine-2
Apomorphine-3.png, Apomorphine-3
Apomorphine-5.png, Apomorphine-5
Arsenic and It’s compound-1.png, Arsenic and It’s compound-1
Arsenic and It’s compound-2.png, Arsenic and It’s compound-2
Arsenic and It’s compound-3.png, Arsenic and It’s compound-3
Arsenic and It’s compound-4.png, Arsenic and It’s compound-4
Arsenic and It’s compound-5.png, Arsenic and It’s compound-5
Azamaline and Its compounds-1.png, Azamaline and Its compounds-1
Azamaline and Its compounds-2.png, Azamaline and Its compounds-2
Azamaline and Its compounds-3.png, Azamaline and Its compounds-3
Azamaline and Its compounds-4.png, Azamaline and Its compounds-4
Azamaline and Its compounds-5.png, Azamaline and Its compounds-5
Azapentine-1.png, Azapentine-1
Azapentine-2.png, Azapentine-2
Azapentine-3.png, Azapentine-3
Azapentine-4.png, Azapentine-4
Azapentine.png, Azapentine
Azathioprine-3.png, Azathioprine-3
Azathioprine-4.png, Azathioprine-4
Azathioprine-5.png, Azathioprine-5
Azathioprine.png, Azathioprine
Bancomycin-1.png, Bancomycin-1
Bancomycin-2.png, Bancomycin-2
Bancomycin-3.png, Bancomycin-3
Bancomycin-4.png, Bancomycin-4
Bancomycin.png, Bancomycin
Barbiqueric Acid and Itis Derivatives-1.png, Barbiqueric Acid and Itis Derivatives-1
Barbiqueric Acid and Itis Derivatives-3.png, Barbiqueric Acid and Itis Derivatives-3
Barbiqueric Acid and Itis Derivatives-5.png, Barbiqueric Acid and Itis Derivatives-5
Barbital-1.png, Barbital-1
Barbital-2.png, Barbital-2
Barbital-3.png, Barbital-3
Barbital-5.png, Barbital-5
Barbital.png, Barbital
Beladona and it’s Alcolide-1.png, Beladona and it’s Alcolide-1
Beladona and it’s Alcolide-2.png, Beladona and it’s Alcolide-2
Beladona and it’s Alcolide-3.png, Beladona and it’s Alcolide-3
Beladona and it’s Alcolide-4.png, Beladona and it’s Alcolide-4
Beladona and it’s Alcolide-5.png, Beladona and it’s Alcolide-5
Bendrofluazide-1.png, Bendrofluazide-1
Bendrofluazide-2.png, Bendrofluazide-2
Bendrofluazide-4.png, Bendrofluazide-4
Bendrofluazide-5.png, Bendrofluazide-5
Bendrofluazide.png, Bendrofluazide
Benoctizine-2.png, Benoctizine-2
Benoctizine-3.png, Benoctizine-3
Benoctizine-4.png, Benoctizine-4
Benoctizine-5.png, Benoctizine-5
Benzithidine-3.png, Benzithidine-3
Benzithidine-4.png, Benzithidine-4
Benzithidine.png, Benzithidine
Benzitramide-2.png, Benzitramide-2
Benzitramide-3.png, Benzitramide-3
Benzitramide-5.png, Benzitramide-5
Benzocaine-1.png, Benzocaine-1
Benzocaine-2.png, Benzocaine-2
Benzocaine-3.png, Benzocaine-3
Benzocaine-4.png, Benzocaine-4
Benzocaine-5.png, Benzocaine-5
Benzocaine.png, Benzocaine
Benzoistrol-2.png, Benzoistrol-2
Benzoistrol-3.png, Benzoistrol-3
Benzoistrol-4.png, Benzoistrol-4
Benzoistrol-5.png, Benzoistrol-5
Benzyl morphine-2.png, Benzyl morphine-2
Benzyl morphine-4.png, Benzyl morphine-4
Benzyl morphine-5.png, Benzyl morphine-5
Benzyl morphine.png, Benzyl morphine
Berium or Its compound except Berium sulphate-1.png, Berium or Its compound except Berium sulphate-1
Berium or Its compound except Berium sulphate-2.png, Berium or Its compound except Berium sulphate-2
Berium or Its compound except Berium sulphate-3.png, Berium or Its compound except Berium sulphate-3
Berium or Its compound except Berium sulphate-4.png, Berium or Its compound except Berium sulphate-4
Berium or Its compound except Berium sulphate.png, Berium or Its compound except Berium sulphate
Betamethasone-1.png, Betamethasone-1
Betamethasone-2.png, Betamethasone-2
Betamethasone-3.png, Betamethasone-3
Betamethasone-4.png, Betamethasone-4
Betamethasone-5.png, Betamethasone-5
Betamethasone.png, Betamethasone
Biperidine-1.png, Biperidine-1
Biperidine-2.png, Biperidine-2
Biperidine-3.png, Biperidine-3
Biperidine-4.png, Biperidine-4
Biperidine-5.png, Biperidine-5
Bita acetyl methadol-1.png, Bita acetyl methadol-1
Bita acetyl methadol-2.png, Bita acetyl methadol-2
Bita acetyl methadol-3.png, Bita acetyl methadol-3
Bita acetyl methadol-5.png, Bita acetyl methadol-5
Bitablockers-1.png, Bitablockers-1
Bitablockers-2.png, Bitablockers-2
Bitablockers-3.png, Bitablockers-3
Bitablockers-5.png, Bitablockers-5
Bitablockers.png, Bitablockers
Bitameprodine-1.png, Bitameprodine-1
Bitameprodine-2.png, Bitameprodine-2
Bitameprodine-3.png, Bitameprodine-3
Bitameprodine-4.png, Bitameprodine-4
Bitamethadole-1.png, Bitamethadole-1
Bitamethadole-3.png, Bitamethadole-3
Bitamethadole-4.png, Bitamethadole-4
Bitamethadole-5.png, Bitamethadole-5
Bitamethadole.png, Bitamethadole
Bitaprodine-1.png, Bitaprodine-1
Bitaprodine-2.png, Bitaprodine-2
Bitaprodine-4.png, Bitaprodine-4
Bitaprodine-5.png, Bitaprodine-5
Brethilium Tosilate-1.png, Brethilium Tosilate-1
Brethilium Tosilate-2.png, Brethilium Tosilate-2
Brethilium Tosilate-3.png, Brethilium Tosilate-3
Brethilium Tosilate-4.png, Brethilium Tosilate-4
Brethilium Tosilate-5.png, Brethilium Tosilate-5
Brethilium Tosilate.png, Brethilium Tosilate
Bufetenin-1.png, Bufetenin-1
Bufetenin-2.png, Bufetenin-2
Bufetenin-3.png, Bufetenin-3
Bufetenin-4.png, Bufetenin-4
Bufetenin-5.png, Bufetenin-5
Bufetenin.png, Bufetenin
Buprenorphine-2.png, Buprenorphine-2
Buprenorphine-3.png, Buprenorphine-3
Buprenorphine-4.png, Buprenorphine-4
Buprenorphine-5.png, Buprenorphine-5
Buprenorphine.png, Buprenorphine
Busulphan-1.png, Busulphan-1
Busulphan-2.png, Busulphan-2
Busulphan-3.png, Busulphan-3
Busulphan-4.png, Busulphan-4
Busulphan-5.png, Busulphan-5
Busulphan.png, Busulphan
Butyl cloral Hydrate-1.png, Butyl cloral Hydrate-1
Butyl cloral Hydrate-2.png, Butyl cloral Hydrate-2
Butyl cloral Hydrate-3.png, Butyl cloral Hydrate-3
Butyl cloral Hydrate.png, Butyl cloral Hydrate
Canamycin-2.png, Canamycin-2
Canamycin-5.png, Canamycin-5
Canamycin.png, Canamycin
Cantharidine-1.png, Cantharidine-1
Cantharidine-2.png, Cantharidine-2
Cantharidine-3.png, Cantharidine-3
Cantharidine-4.png, Cantharidine-4
Captodine-1.png, Captodine-1
Captodine-2.png, Captodine-2
Captodine-3.png, Captodine-3
Captodine-4.png, Captodine-4
Captodine-5.png, Captodine-5
Carbacoal-2.png, Carbacoal-2
Carbacoal-3.png, Carbacoal-3
Carbacoal-4.png, Carbacoal-4
Carbomycin-1.png, Carbomycin-1
Carbomycin-2.png, Carbomycin-2
Carbomycin-3.png, Carbomycin-3
Carbomycin-4.png, Carbomycin-4
Carbomycin.png, Carbomycin
Carbutamide-1.png, Carbutamide-1
Carbutamide-2.png, Carbutamide-2
Carbutamide-3.png, Carbutamide-3
Carbutamide-4.png, Carbutamide-4
Carbutamide-5.png, Carbutamide-5
Carbutamide.png, Carbutamide
Cartisone-1.png, Cartisone-1
Cartisone-2.png, Cartisone-2
Cartisone-3.png, Cartisone-3
Cartisone-5.png, Cartisone-5
Cartisone.png, Cartisone
Chlophazimine-1.png, Chlophazimine-1
Chlophazimine-3.png, Chlophazimine-3
Chlophazimine-4.png, Chlophazimine-4
Chlophazimine-5.png, Chlophazimine-5
Chlor Promazine-2.png, Chlor Promazine-2
Chlor Promazine-5.png, Chlor Promazine-5
Chlor Promazine.png, Chlor Promazine
Chlorambucil-1.png, Chlorambucil-1
Chlorambucil-3.png, Chlorambucil-3
Chlorambucil-4.png, Chlorambucil-4
Chlorambucil-5.png, Chlorambucil-5
Chloramphenicol-1.png, Chloramphenicol-1
Chloramphenicol-2.png, Chloramphenicol-2
Chloramphenicol-3.png, Chloramphenicol-3
Chloramphenicol-4.png, Chloramphenicol-4
Chloramphenicol-5.png, Chloramphenicol-5
Chloramphenicol.png, Chloramphenicol
Chlordiazepoxide-1.png, Chlordiazepoxide-1
Chlordiazepoxide-2.png, Chlordiazepoxide-2
Chlordiazepoxide-3.png, Chlordiazepoxide-3
Chlordiazepoxide-4.png, Chlordiazepoxide-4
Chlordiazepoxide-5.png, Chlordiazepoxide-5
Chlorisandamin chloride-2.png, Chlorisandamin chloride-2
Chlorisandamin chloride-3.png, Chlorisandamin chloride-3
Chlorisandamin chloride-4.png, Chlorisandamin chloride-4
Chlorisandamin chloride-5.png, Chlorisandamin chloride-5
Chlorisandamin chloride.png, Chlorisandamin chloride
Chlormezanon-2.png, Chlormezanon-2
Chlormezanon-3.png, Chlormezanon-3
Chlormezanon-4.png, Chlormezanon-4
Chloro Prothioxine-1.png, Chloro Prothioxine-1
Chloro Prothioxine-3.png, Chloro Prothioxine-3
Chloro Prothioxine-4.png, Chloro Prothioxine-4
Chloroform-2.png, Chloroform-2
Chloroform-3.png, Chloroform-3
Chloroform-4.png, Chloroform-4
Chloroform.png, Chloroform
Chloromethene Hydrochloride-1.png, Chloromethene Hydrochloride-1
Chloromethene Hydrochloride-2.png, Chloromethene Hydrochloride-2
Chloromethene Hydrochloride-5.png, Chloromethene Hydrochloride-5
Chloromethene Hydrochloride.png, Chloromethene Hydrochloride
Chloropropamide-1.png, Chloropropamide-1
Chloropropamide-2.png, Chloropropamide-2
Chloropropamide-4.png, Chloropropamide-4
Chloropropamide-5.png, Chloropropamide-5
Chlorothiazide-1.png, Chlorothiazide-1
Chlorothiazide-2.png, Chlorothiazide-2
Chlorothiazide-4.png, Chlorothiazide-4
Chlorothiazide-5.png, Chlorothiazide-5
Chlorothiazide.png, Chlorothiazide
Cilocine-1.png, Cilocine-1
Cilocine-2.png, Cilocine-2
Cilocine-3.png, Cilocine-3
Cilocine-4.png, Cilocine-4
Cilocine-5.png, Cilocine-5
Cilocine.png, Cilocine
Cilocybin-1.png, Cilocybin-1
Cilocybin-2.png, Cilocybin-2
Cilocybin-3.png, Cilocybin-3
Cilocybin-4.png, Cilocybin-4
Cilocybin-5.png, Cilocybin-5
Cilocybin.png, Cilocybin
Clobazam-1.png, Clobazam-1
Clobazam-2.png, Clobazam-2
Clobazam-4.png, Clobazam-4
Clobazam-5.png, Clobazam-5
Clonazepam-1.png, Clonazepam-1
Clonazepam-2.png, Clonazepam-2
Clonazepam-3.png, Clonazepam-3
Clonazepam-4.png, Clonazepam-4
Clonazepam-5.png, Clonazepam-5
Clonazepam.png, Clonazepam
Clonitazine-2.png, Clonitazine-2
Clonitazine-3.png, Clonitazine-3
Clonitazine-4.png, Clonitazine-4
Clonitazine-5.png, Clonitazine-5
Cloral Butane-1.png, Cloral Butane-1
Cloral Butane-3.png, Cloral Butane-3
Cloral Butane-4.png, Cloral Butane-4
Cloral Butane-5.png, Cloral Butane-5
Cloral Hydrate-1.png, Cloral Hydrate-1
Cloral Hydrate-2.png, Cloral Hydrate-2
Cloral Hydrate-3.png, Cloral Hydrate-3
Cloral Hydrate-4.png, Cloral Hydrate-4
Cloral Hydrate-5.png, Cloral Hydrate-5
Cloral Hydrate.png, Cloral Hydrate
Cloral Pharmamide-1.png, Cloral Pharmamide-1
Cloral Pharmamide-2.png, Cloral Pharmamide-2
Cloral Pharmamide-5.png, Cloral Pharmamide-5
Cloral Pharmamide.png, Cloral Pharmamide
Cloro Hexadol-1.png, Cloro Hexadol-1
Cloro Hexadol-2.png, Cloro Hexadol-2
Cloro Hexadol-3.png, Cloro Hexadol-3
Cloro Hexadol-4.png, Cloro Hexadol-4
Cloro Hexadol-5.png, Cloro Hexadol-5
Cloro Hexadol.png, Cloro Hexadol
Cocaine-1.png, Cocaine-1
Cocaine-3.png, Cocaine-3
Cocaine-5.png, Cocaine-5
Codeine Methyl Bromide-1.png, Codeine Methyl Bromide-1
Codeine Methyl Bromide-2.png, Codeine Methyl Bromide-2
Codeine Methyl Bromide-3.png, Codeine Methyl Bromide-3
Codeine Methyl Bromide-4.png, Codeine Methyl Bromide-4
Codeine Methyl Bromide.png, Codeine Methyl Bromide
Codeine-2.png, Codeine-2
Codeine-4.png, Codeine-4
Codeine-5.png, Codeine-5
Codeine–N–oxide-1.png, Codeine–N–oxide-1
Codeine–N–oxide-2.png, Codeine–N–oxide-2
Codeine–N–oxide-3.png, Codeine–N–oxide-3
Codeine–N–oxide-4.png, Codeine–N–oxide-4
Codeine–N–oxide-5.png, Codeine–N–oxide-5
Codoxim-1.png, Codoxim-1
Codoxim-2.png, Codoxim-2
Codoxim-4.png, Codoxim-4
Codoxim-5.png, Codoxim-5
Codoxim.png, Codoxim
Conin-1.png, Conin-1
Conin-2.png, Conin-2
Conin-3.png, Conin-3
Conin-4.png, Conin-4
Conin-5.png, Conin-5
Cyclopenthiazide-1.png, Cyclopenthiazide-1
Cyclopenthiazide-2.png, Cyclopenthiazide-2
Cyclopenthiazide-3.png, Cyclopenthiazide-3
Cyclopenthiazide-4.png, Cyclopenthiazide-4
Cyclopenthiazide-5.png, Cyclopenthiazide-5
Cyclopenthiazide.png, Cyclopenthiazide
Cyclophosphamide-1.png, Cyclophosphamide-1
Cyclophosphamide-2.png, Cyclophosphamide-2
Cyclophosphamide-3.png, Cyclophosphamide-3
Cyclophosphamide-4.png, Cyclophosphamide-4
Cyclophosphamide-5.png, Cyclophosphamide-5
Cyclophosphamide.png, Cyclophosphamide
Cyprine phine-1.png, Cyprine phine-1
Cyprine phine-2.png, Cyprine phine-2
Cyprine phine-3.png, Cyprine phine-3
Cyprine phine-4.png, Cyprine phine-4
Cyprine phine-5.png, Cyprine phine-5
Cyprine phine.png, Cyprine phine
Dapsone-1.png, Dapsone-1
Dapsone-5.png, Dapsone-5
Dapsone.png, Dapsone
Desomorphine-2.png, Desomorphine-2
Desomorphine-3.png, Desomorphine-3
Desomorphine-4.png, Desomorphine-4
Desomorphine-5.png, Desomorphine-5
Desomorphine.png, Desomorphine
Dexamethasone-1.png, Dexamethasone-1
Dexamethasone-2.png, Dexamethasone-2
Dexamethasone-3.png, Dexamethasone-3
Dexamethasone-4.png, Dexamethasone-4
Dexamethasone-5.png, Dexamethasone-5
Dexamethasone.png, Dexamethasone
Dextran 40-1.png, Dextran 40-1
Dextran 40-2.png, Dextran 40-2
Dextran 40-4.png, Dextran 40-4
Dextran 40-5.png, Dextran 40-5
Dextran 70-1.png, Dextran 70-1
Dextran 70-2.png, Dextran 70-2
Dextran 70-3.png, Dextran 70-3
Dextran 70-4.png, Dextran 70-4
Dextran 70-5.png, Dextran 70-5
Dextran 70.png, Dextran 70
Dextro Moramide-1.png, Dextro Moramide-1
Dextro Moramide-2.png, Dextro Moramide-2
Dextro Moramide-3.png, Dextro Moramide-3
Dextro Moramide-4.png, Dextro Moramide-4
Dextro Moramide-5.png, Dextro Moramide-5
Dextro Moramide.png, Dextro Moramide
Dextropropoxyphene-1.png, Dextropropoxyphene-1
Dextropropoxyphene-3.png, Dextropropoxyphene-3
Dextropropoxyphene-5.png, Dextropropoxyphene-5
Dextropropoxyphene.png, Dextropropoxyphene
Dextroraphan-1.png, Dextroraphan-1
Dextroraphan-3.png, Dextroraphan-3
Dextroraphan-4.png, Dextroraphan-4
Dextroraphan-5.png, Dextroraphan-5
Dhatura-2.png, Dhatura-2
Dhatura-3.png, Dhatura-3
Dhatura-5.png, Dhatura-5
Dhatura.png, Dhatura
Diamprenmide-1.png, Diamprenmide-1
Diamprenmide-2.png, Diamprenmide-2
Diamprenmide-3.png, Diamprenmide-3
Diamprenmide-4.png, Diamprenmide-4
Diamprenmide-5.png, Diamprenmide-5
Diamprenmide.png, Diamprenmide
Diazepam-1.png, Diazepam-1
Diazepam-2.png, Diazepam-2
Diazepam-3.png, Diazepam-3
Diazepam-4.png, Diazepam-4
Diazepam-5.png, Diazepam-5
Diethyl thyambutine-1.png, Diethyl thyambutine-1
Diethyl thyambutine-2.png, Diethyl thyambutine-2
Diethyl thyambutine-3.png, Diethyl thyambutine-3
Diethyl thyambutine-5.png, Diethyl thyambutine-5
Diethyl thyambutine.png, Diethyl thyambutine
Diethyl triptamin-2.png, Diethyl triptamin-2
Diethyl triptamin-3.png, Diethyl triptamin-3
Diethyl triptamin-5.png, Diethyl triptamin-5
Digitalics and Its Glycosides-1.png, Digitalics and Its Glycosides-1
Digitalics and Its Glycosides-3.png, Digitalics and Its Glycosides-3
Digitalics and Its Glycosides-4.png, Digitalics and Its Glycosides-4
Digitalics and Its Glycosides-5.png, Digitalics and Its Glycosides-5
Digitalics and Its Glycosides.png, Digitalics and Its Glycosides
Dihydro Codeine-1.png, Dihydro Codeine-1
Dihydro Codeine-2.png, Dihydro Codeine-2
Dihydro Codeine-3.png, Dihydro Codeine-3
Dihydro Codeine-5.png, Dihydro Codeine-5
Dihydro Codeine.png, Dihydro Codeine
Dihydro Codeinone-2.png, Dihydro Codeinone-2
Dihydro Codeinone-3.png, Dihydro Codeinone-3
Dihydro Codeinone-4.png, Dihydro Codeinone-4
Dihydro Codeinone.png, Dihydro Codeinone
Dihydro hydroxy Codeinone-1.png, Dihydro hydroxy Codeinone-1
Dihydro hydroxy Codeinone-2.png, Dihydro hydroxy Codeinone-2
Dihydro hydroxy Codeinone-3.png, Dihydro hydroxy Codeinone-3
Dihydro hydroxy Codeinone-4.png, Dihydro hydroxy Codeinone-4
Dihydro hydroxy Codeinone-5.png, Dihydro hydroxy Codeinone-5
Dihydro hydroxy Codeinone.png, Dihydro hydroxy Codeinone
Dihydro morphine-1.png, Dihydro morphine-1
Dihydro morphine-2.png, Dihydro morphine-2
Dihydro morphine-3.png, Dihydro morphine-3
Dihydro morphine-4.png, Dihydro morphine-4
Dihydro morphine-5.png, Dihydro morphine-5
Dihydro morphine.png, Dihydro morphine
Dihydroxy Dyhydro morphine hydrochloride-1.png, Dihydroxy Dyhydro morphine hydrochloride-1
Dihydroxy Dyhydro morphine hydrochloride-2.png, Dihydroxy Dyhydro morphine hydrochloride-2
Dihydroxy Dyhydro morphine hydrochloride-3.png, Dihydroxy Dyhydro morphine hydrochloride-3
Dihydroxy Dyhydro morphine hydrochloride.png, Dihydroxy Dyhydro morphine hydrochloride
Dimenoxadole-1.png, Dimenoxadole-1
Dimenoxadole-2.png, Dimenoxadole-2
Dimenoxadole-3.png, Dimenoxadole-3
Dimenoxadole-4.png, Dimenoxadole-4
Dimenoxadole-5.png, Dimenoxadole-5
Dimenoxadole.png, Dimenoxadole
Dimephoptanole-1.png, Dimephoptanole-1
Dimephoptanole-3.png, Dimephoptanole-3
Dimephoptanole-4.png, Dimephoptanole-4
Dimephoptanole-5.png, Dimephoptanole-5
Dimercoprol-2.png, Dimercoprol-2
Dimercoprol-3.png, Dimercoprol-3
Dimercoprol-4.png, Dimercoprol-4
Dimercoprol-5.png, Dimercoprol-5
Dimethyl Thyambutine-3.png, Dimethyl Thyambutine-3
Dimethyl Thyambutine-4.png, Dimethyl Thyambutine-4
Dimethyl Thyambutine-5.png, Dimethyl Thyambutine-5
Dimethyl Thyambutine.png, Dimethyl Thyambutine
Dioxaphetyle Butieret-1.png, Dioxaphetyle Butieret-1
Dioxaphetyle Butieret-2.png, Dioxaphetyle Butieret-2
Dioxaphetyle Butieret-4.png, Dioxaphetyle Butieret-4
Dioxaphetyle Butieret-5.png, Dioxaphetyle Butieret-5
Dioxaphetyle Butieret.png, Dioxaphetyle Butieret
Diphenyl Pyraline Hydrochloride-2.png, Diphenyl Pyraline Hydrochloride-2
Diphenyl Pyraline Hydrochloride-3.png, Diphenyl Pyraline Hydrochloride-3
Diphenyl Pyraline Hydrochloride-4.png, Diphenyl Pyraline Hydrochloride-4
Diphenyl Pyraline Hydrochloride-5.png, Diphenyl Pyraline Hydrochloride-5
Dipipanone-1.png, Dipipanone-1
Dipipanone-2.png, Dipipanone-2
Dipipanone-3.png, Dipipanone-3
Dipipanone-4.png, Dipipanone-4
Dipipanone-5.png, Dipipanone-5
Dipipanone.png, Dipipanone
Disulphiram-1.png, Disulphiram-1
Disulphiram-2.png, Disulphiram-2
Disulphiram-3.png, Disulphiram-3
Disulphiram-4.png, Disulphiram-4
Disulphiram-5.png, Disulphiram-5
Di–isopropyle Flurophosponate-1.png, Di–isopropyle Flurophosponate-1
Di–isopropyle Flurophosponate-2.png, Di–isopropyle Flurophosponate-2
Di–isopropyle Flurophosponate-3.png, Di–isopropyle Flurophosponate-3
Di–isopropyle Flurophosponate-4.png, Di–isopropyle Flurophosponate-4
Di–isopropyle Flurophosponate-5.png, Di–isopropyle Flurophosponate-5
Di–isopropyle Flurophosponate.png, Di–isopropyle Flurophosponate
Dymethyl triptamin-1.png, Dymethyl triptamin-1
Dymethyl triptamin-3.png, Dymethyl triptamin-3
Dymethyl triptamin-4.png, Dymethyl triptamin-4
Dymethyl triptamin-5.png, Dymethyl triptamin-5
Echonite Alcolide-1.png, Echonite Alcolide-1
Echonite Alcolide-2.png, Echonite Alcolide-2
Echonite Alcolide-3.png, Echonite Alcolide-3
Echonite Alcolide-4.png, Echonite Alcolide-4
Echonite Alcolide-5.png, Echonite Alcolide-5
Edrenocarticotropic Hermons-1.png, Edrenocarticotropic Hermons-1
Edrenocarticotropic Hermons-2.png, Edrenocarticotropic Hermons-2
Edrenocarticotropic Hermons-5.png, Edrenocarticotropic Hermons-5
Edrenocarticotropic Hermons.png, Edrenocarticotropic Hermons
Endomethacin-1.png, Endomethacin-1
Endomethacin-2.png, Endomethacin-2
Endomethacin-3.png, Endomethacin-3
Endomethacin-4.png, Endomethacin-4
Epinephrine-5.png, Epinephrine-5
Epinephrine.png, Epinephrine
Epiyol-1.png, Epiyol-1
Epiyol-3.png, Epiyol-3
Epiyol-4.png, Epiyol-4
Ergot Alcolide and Its Derivatives-1.png, Ergot Alcolide and Its Derivatives-1
Ergot Alcolide and Its Derivatives-2.png, Ergot Alcolide and Its Derivatives-2
Ergot Alcolide and Its Derivatives-3.png, Ergot Alcolide and Its Derivatives-3
Ergot Alcolide and Its Derivatives-4.png, Ergot Alcolide and Its Derivatives-4
Ergot Alcolide and Its Derivatives-5.png, Ergot Alcolide and Its Derivatives-5
Erythrityle Tetranitrate-1.png, Erythrityle Tetranitrate-1
Erythrityle Tetranitrate-2.png, Erythrityle Tetranitrate-2
Erythrityle Tetranitrate-3.png, Erythrityle Tetranitrate-3
Erythrityle Tetranitrate-4.png, Erythrityle Tetranitrate-4
Erythrityle Tetranitrate.png, Erythrityle Tetranitrate
Erythromycin-2.png, Erythromycin-2
Erythromycin-4.png, Erythromycin-4
Erythromycin-5.png, Erythromycin-5
Erythromycin.png, Erythromycin
Ethambutol-1.png, Ethambutol-1
Ethambutol-2.png, Ethambutol-2
Ethambutol-3.png, Ethambutol-3
Ethambutol-4.png, Ethambutol-4
Ethambutol-5.png, Ethambutol-5
Ethambutol.png, Ethambutol
Ethchlor Vinyl-1.png, Ethchlor Vinyl-1
Ethchlor Vinyl-2.png, Ethchlor Vinyl-2
Ethchlor Vinyl-3.png, Ethchlor Vinyl-3
Ethchlor Vinyl-4.png, Ethchlor Vinyl-4
Ethchlor Vinyl-5.png, Ethchlor Vinyl-5
Ethchlor Vinyl.png, Ethchlor Vinyl
Ether-1.png, Ether-1
Ether-2.png, Ether-2
Ether-3.png, Ether-3
Ether-5.png, Ether-5
Ether.png, Ether
Ethinamet-1.png, Ethinamet-1
Ethinamet-2.png, Ethinamet-2
Ethinamet-5.png, Ethinamet-5
Ethinamet.png, Ethinamet
Ethinylestradiol-2.png, Ethinylestradiol-2
Ethinylestradiol.png, Ethinylestradiol
Ethosoximide-1.png, Ethosoximide-1
Ethosoximide-2.png, Ethosoximide-2
Ethosoximide-3.png, Ethosoximide-3
Ethosoximide.png, Ethosoximide
Ethyl methyl Thyambutine-1.png, Ethyl methyl Thyambutine-1
Ethyl methyl Thyambutine-2.png, Ethyl methyl Thyambutine-2
Ethyl methyl Thyambutine-3.png, Ethyl methyl Thyambutine-3
Ethyl methyl Thyambutine-4.png, Ethyl methyl Thyambutine-4
Ethyl methyl Thyambutine.png, Ethyl methyl Thyambutine
Ethyl morphine-1.png, Ethyl morphine-1
Ethyl morphine-2.png, Ethyl morphine-2
Ethyl morphine-3.png, Ethyl morphine-3
Ethyl morphine-4.png, Ethyl morphine-4
Ethyl morphine-5.png, Ethyl morphine-5
Ethylmorphine-1.png, Ethylmorphine-1
Ethylmorphine-2.png, Ethylmorphine-2
Ethylmorphine-3.png, Ethylmorphine-3
Ethylmorphine-4.png, Ethylmorphine-4
Ethylmorphine-5.png, Ethylmorphine-5
Ethylmorphine.png, Ethylmorphine
Etoceridine-2.png, Etoceridine-2
Etoceridine-4.png, Etoceridine-4
Etoceridine-5.png, Etoceridine-5
Etomorphine-1.png, Etomorphine-1
Etomorphine-2.png, Etomorphine-2
Etomorphine-3.png, Etomorphine-3
Etomorphine-5.png, Etomorphine-5
Etomorphine.png, Etomorphine
Etonitazine-3.png, Etonitazine-3
Etonitazine-4.png, Etonitazine-4
Etonitazine-5.png, Etonitazine-5
Etorphine-1.png, Etorphine-1
Etorphine-3.png, Etorphine-3
Etorphine-4.png, Etorphine-4
Etorphine-5.png, Etorphine-5
Evogen-1.png, Evogen-1
Evogen-2.png, Evogen-2
Evogen-3.png, Evogen-3
Evogen-4.png, Evogen-4
Evogen-5.png, Evogen-5
Evogen.png, Evogen
Faramycitine-1.png, Faramycitine-1
Faramycitine-2.png, Faramycitine-2
Faramycitine-3.png, Faramycitine-3
Faramycitine-5.png, Faramycitine-5
Faramycitine.png, Faramycitine
Fentanyl-2.png, Fentanyl-2
Fentanyl-4.png, Fentanyl-4
Fentanyl-5.png, Fentanyl-5
Flurazepam-1.png, Flurazepam-1
Flurazepam-2.png, Flurazepam-2
Flurazepam-3.png, Flurazepam-3
Flurazepam-4.png, Flurazepam-4
Flurazepam.png, Flurazepam
Frusemide-1.png, Frusemide-1
Frusemide-2.png, Frusemide-2
Frusemide-3.png, Frusemide-3
Frusemide-4.png, Frusemide-4
Frusemide-5.png, Frusemide-5
Frusemide.png, Frusemide
Gelsimium Alcalide-1.png, Gelsimium Alcalide-1
Gelsimium Alcalide-2.png, Gelsimium Alcalide-2
Gelsimium Alcalide-4.png, Gelsimium Alcalide-4
Gelsimium Alcalide-5.png, Gelsimium Alcalide-5
Gelsimium Alcalide.png, Gelsimium Alcalide
Gentamycin-1.png, Gentamycin-1
Gentamycin-2.png, Gentamycin-2
Gentamycin-4.png, Gentamycin-4
Gentamycin-5.png, Gentamycin-5
Gentamycin.png, Gentamycin
Glutethiamide-1.png, Glutethiamide-1
Glutethiamide-3.png, Glutethiamide-3
Glutethiamide-4.png, Glutethiamide-4
Glutethiamide-5.png, Glutethiamide-5
Glutethiamide.png, Glutethiamide
Glutethimide-1.png, Glutethimide-1
Glutethimide-2.png, Glutethimide-2
Glutethimide-3.png, Glutethimide-3
Glutethimide-5.png, Glutethimide-5
Glutethimide.png, Glutethimide
Glyceryl Trinitrate-2.png, Glyceryl Trinitrate-2
Glyceryl Trinitrate-3.png, Glyceryl Trinitrate-3
Glyceryl Trinitrate-4.png, Glyceryl Trinitrate-4
Glyceryl Trinitrate-5.png, Glyceryl Trinitrate-5
Glyceryl Trinitrate.png, Glyceryl Trinitrate
Gramicidine-1.png, Gramicidine-1
Gramicidine-2.png, Gramicidine-2
Gramicidine-4.png, Gramicidine-4
Gramicidine-5.png, Gramicidine-5
Griseofulvin-1.png, Griseofulvin-1
Griseofulvin-2.png, Griseofulvin-2
Griseofulvin-3.png, Griseofulvin-3
Griseofulvin-4.png, Griseofulvin-4
Griseofulvin.png, Griseofulvin
Guanidine-1.png, Guanidine-1
Guanidine-2.png, Guanidine-2
Guanidine-4.png, Guanidine-4
Guanidine-5.png, Guanidine-5
Guanidine.png, Guanidine
Gyalavine-1.png, Gyalavine-1
Gyalavine-3.png, Gyalavine-3
Gyalavine-4.png, Gyalavine-4
Gyalavine-5.png, Gyalavine-5
Haloperidol-1.png, Haloperidol-1
Haloperidol-3.png, Haloperidol-3
Haloperidol-4.png, Haloperidol-4
Haloperidol-5.png, Haloperidol-5
Halothane-1.png, Halothane-1
Halothane-2.png, Halothane-2
Halothane-4.png, Halothane-4
Halothane-5.png, Halothane-5
Halothane.png, Halothane
Hermons _–-1.png, Hermons _–-1
Hermons _–-3.png, Hermons _–-3
Hermons _–-4.png, Hermons _–-4
Hermons _–-5.png, Hermons _–-5
Hermons _–.png, Hermons _–
Heroine or Diacetyl morphine-1.png, Heroine or Diacetyl morphine-1
Heroine or Diacetyl morphine-2.png, Heroine or Diacetyl morphine-2
Heroine or Diacetyl morphine-4.png, Heroine or Diacetyl morphine-4
Heroine or Diacetyl morphine-5.png, Heroine or Diacetyl morphine-5
Heroine or Diacetyl morphine.png, Heroine or Diacetyl morphine
Hexocyclian Methyl Sulphate-1.png, Hexocyclian Methyl Sulphate-1
Hexocyclian Methyl Sulphate-2.png, Hexocyclian Methyl Sulphate-2
Hexocyclian Methyl Sulphate-3.png, Hexocyclian Methyl Sulphate-3
Hexocyclian Methyl Sulphate-4.png, Hexocyclian Methyl Sulphate-4
Hexocyclian Methyl Sulphate-5.png, Hexocyclian Methyl Sulphate-5
Hexocyclian Methyl Sulphate.png, Hexocyclian Methyl Sulphate
Hiparin-1.png, Hiparin-1
Hiparin-2.png, Hiparin-2
Hiparin-3.png, Hiparin-3
Hiparin-4.png, Hiparin-4
Hydentwine-2.png, Hydentwine-2
Hydentwine-3.png, Hydentwine-3
Hydentwine-4.png, Hydentwine-4
Hydro morphone-1.png, Hydro morphone-1
Hydro morphone-2.png, Hydro morphone-2
Hydro morphone-3.png, Hydro morphone-3
Hydro morphone-4.png, Hydro morphone-4
Hydro morphone.png, Hydro morphone
Hydrocartisone-2.png, Hydrocartisone-2
Hydrocartisone-3.png, Hydrocartisone-3
Hydrocartisone-4.png, Hydrocartisone-4
Hydrocartisone-5.png, Hydrocartisone-5
Hydrocartisone.png, Hydrocartisone
Hydrochlorothiazide-1.png, Hydrochlorothiazide-1
Hydrochlorothiazide-2.png, Hydrochlorothiazide-2
Hydrochlorothiazide-3.png, Hydrochlorothiazide-3
Hydrochlorothiazide-4.png, Hydrochlorothiazide-4
Hydrolazine Injection-1.png, Hydrolazine Injection-1
Hydrolazine Injection-2.png, Hydrolazine Injection-2
Hydrolazine Injection-5.png, Hydrolazine Injection-5
Hydrolazine Injection.png, Hydrolazine Injection
Hydroxizine-1.png, Hydroxizine-1
Hydroxizine-2.png, Hydroxizine-2
Hydroxizine-3.png, Hydroxizine-3
Hydroxizine-4.png, Hydroxizine-4
Hydroxizine-5.png, Hydroxizine-5
Hydroxizine.png, Hydroxizine
Hydroxy pethidine-1.png, Hydroxy pethidine-1
Hydroxy pethidine-2.png, Hydroxy pethidine-2
Hydroxy pethidine-4.png, Hydroxy pethidine-4
Hydroxy pethidine-5.png, Hydroxy pethidine-5
Hydroxy pethidine.png, Hydroxy pethidine
Iletarium-1.png, Iletarium-1
Iletarium-4.png, Iletarium-4
Iletarium-5.png, Iletarium-5
Iletarium.png, Iletarium
Imetine-2.png, Imetine-2
Imetine-4.png, Imetine-4
Imetine-5.png, Imetine-5
Imetine.png, Imetine
Insulin-1.png, Insulin-1
Insulin-3.png, Insulin-3
Insulin-4.png, Insulin-4
Insulin-5.png, Insulin-5
Insulin.png, Insulin
Iopanoic Acid-1.png, Iopanoic Acid-1
Iopanoic Acid-3.png, Iopanoic Acid-3
Iopanoic Acid-4.png, Iopanoic Acid-4
Iopanoic Acid-5.png, Iopanoic Acid-5
Iopanoic Acid.png, Iopanoic Acid
Iserine-1.png, Iserine-1
Iserine-3.png, Iserine-3
Iserine-4.png, Iserine-4
Iserine-5.png, Iserine-5
Iserine.png, Iserine
Iso prenaline-1.png, Iso prenaline-1
Iso prenaline-2.png, Iso prenaline-2
Iso prenaline-3.png, Iso prenaline-3
Iso prenaline-4.png, Iso prenaline-4
Iso prenaline-5.png, Iso prenaline-5
Iso prenaline.png, Iso prenaline
Isocarboxazid-2.png, Isocarboxazid-2
Isocarboxazid-5.png, Isocarboxazid-5
Isocarboxazid.png, Isocarboxazid
Isoniazid-1.png, Isoniazid-1
Isoniazid-2.png, Isoniazid-2
Isoniazid-4.png, Isoniazid-4
Isoniazid-5.png, Isoniazid-5
Isoniazid.png, Isoniazid
Isonicotinic Acid Hydrozide and It’s Derivative-1.png, Isonicotinic Acid Hydrozide and It’s Derivative-1
Isonicotinic Acid Hydrozide and It’s Derivative-3.png, Isonicotinic Acid Hydrozide and It’s Derivative-3
Isonicotinic Acid Hydrozide and It’s Derivative-4.png, Isonicotinic Acid Hydrozide and It’s Derivative-4
Isonicotinic Acid Hydrozide and It’s Derivative-5.png, Isonicotinic Acid Hydrozide and It’s Derivative-5
Isonicotinic Acid Hydrozide and It’s Derivative.png, Isonicotinic Acid Hydrozide and It’s Derivative
Isosorbide Dinitrate or sorbide Nitrate-2.png, Isosorbide Dinitrate or sorbide Nitrate-2
Isosorbide Dinitrate or sorbide Nitrate-3.png, Isosorbide Dinitrate or sorbide Nitrate-3
Isosorbide Dinitrate or sorbide Nitrate-5.png, Isosorbide Dinitrate or sorbide Nitrate-5
Isosuprine-2.png, Isosuprine-2
Isosuprine-3.png, Isosuprine-3
Isosuprine-5.png, Isosuprine-5
Lead and it’s compound-1.png, Lead and it’s compound-1
Lead and it’s compound-3.png, Lead and it’s compound-3
Lead and it’s compound-4.png, Lead and it’s compound-4
Lead and it’s compound-5.png, Lead and it’s compound-5
Lead and it’s compound.png, Lead and it’s compound
Leaocane-1.png, Leaocane-1
Leaocane-2.png, Leaocane-2
Leaocane-3.png, Leaocane-3
Leaocane-5.png, Leaocane-5
Leaocane.png, Leaocane
Levarphanole-1.png, Levarphanole-1
Levarphanole-3.png, Levarphanole-3
Levarphanole-5.png, Levarphanole-5
Levarphanole.png, Levarphanole
Levo metharphan-1.png, Levo metharphan-1
Levo metharphan-2.png, Levo metharphan-2
Levo metharphan-3.png, Levo metharphan-3
Levo phenacylemorphan-3.png, Levo phenacylemorphan-3
Levo phenacylemorphan-4.png, Levo phenacylemorphan-4
Levo phenacylemorphan.png, Levo phenacylemorphan
Levodopa-1.png, Levodopa-1
Levodopa-2.png, Levodopa-2
Levodopa-5.png, Levodopa-5
Levodopa.png, Levodopa
Levomoramide-2.png, Levomoramide-2
Levomoramide-3.png, Levomoramide-3
Levomoramide-4.png, Levomoramide-4
Levomoramide.png, Levomoramide
Liverternal-2.png, Liverternal-2
Liverternal-3.png, Liverternal-3
Liverternal-4.png, Liverternal-4
Liverternal-5.png, Liverternal-5
Lobelia Alcolide-2.png, Lobelia Alcolide-2
Lobelia Alcolide-3.png, Lobelia Alcolide-3
Lobelia Alcolide-4.png, Lobelia Alcolide-4
Lobelia Alcolide-5.png, Lobelia Alcolide-5
Lobelia Alcolide.png, Lobelia Alcolide
Lodexium-2.png, Lodexium-2
Lodexium-4.png, Lodexium-4
Lodexium-5.png, Lodexium-5
Lodexium.png, Lodexium
Lorazepam-1.png, Lorazepam-1
Lorazepam-4.png, Lorazepam-4
Lorazepam-5.png, Lorazepam-5
Lorazepam.png, Lorazepam
Luracine-1.png, Luracine-1
Luracine-2.png, Luracine-2
Luracine-4.png, Luracine-4
Luracine-5.png, Luracine-5
Luracine.png, Luracine
Lycergic Acid Amide-1.png, Lycergic Acid Amide-1
Lycergic Acid Amide-2.png, Lycergic Acid Amide-2
Lycergic Acid Amide-3.png, Lycergic Acid Amide-3
Lycergic Acid Amide-4.png, Lycergic Acid Amide-4
Lycergic Acid Amide-5.png, Lycergic Acid Amide-5
Lycergic Acid Amide.png, Lycergic Acid Amide
Lycergic Acid Diethylamide-2.png, Lycergic Acid Diethylamide-2
Lycergic Acid Diethylamide-3.png, Lycergic Acid Diethylamide-3
Lycergic Acid Diethylamide-4.png, Lycergic Acid Diethylamide-4
Lycergic Acid Diethylamide-5.png, Lycergic Acid Diethylamide-5
Lycergic Acid-3.png, Lycergic Acid-3
Lycergic Acid-4.png, Lycergic Acid-4
Lycergic Acid-5.png, Lycergic Acid-5
Lycergic Acid.png, Lycergic Acid
Mannitol Hexamitrate-1.png, Mannitol Hexamitrate-1
Mannitol Hexamitrate-2.png, Mannitol Hexamitrate-2
Mannitol Hexamitrate-4.png, Mannitol Hexamitrate-4
Mannitol Hexamitrate-5.png, Mannitol Hexamitrate-5
Marpheridine-1.png, Marpheridine-1
Marpheridine-2.png, Marpheridine-2
Marpheridine-3.png, Marpheridine-3
Marpheridine-4.png, Marpheridine-4
Marpheridine-5.png, Marpheridine-5
Medazepam-1.png, Medazepam-1
Medazepam-2.png, Medazepam-2
Medazepam-5.png, Medazepam-5
Medazepam.png, Medazepam
Meprobamate-1.png, Meprobamate-1
Meprobamate-2.png, Meprobamate-2
Meprobamate-3.png, Meprobamate-3
Meprobamate-5.png, Meprobamate-5
Meprobamate.png, Meprobamate
Meprovamet-1.png, Meprovamet-1
Meprovamet-2.png, Meprovamet-2
Meprovamet-4.png, Meprovamet-4
Meprovamet-5.png, Meprovamet-5
Mercury and It’s compound-1.png, Mercury and It’s compound-1
Mercury and It’s compound-2.png, Mercury and It’s compound-2
Mercury and It’s compound-3.png, Mercury and It’s compound-3
Mercury and It’s compound-4.png, Mercury and It’s compound-4
Mercury and It’s compound-5.png, Mercury and It’s compound-5
Mercury and It’s compound.png, Mercury and It’s compound
Mescyalin-1.png, Mescyalin-1
Mescyalin-4.png, Mescyalin-4
Mescyalin-5.png, Mescyalin-5
Mescyalin.png, Mescyalin
Metamezole-1.png, Metamezole-1
Metamezole-4.png, Metamezole-4
Metamezole-5.png, Metamezole-5
Metamezole.png, Metamezole
Metamorphine.png, Metamorphine
Metazosin-1.png, Metazosin-1
Metazosin-2.png, Metazosin-2
Metazosin-3.png, Metazosin-3
Metazosin-4.png, Metazosin-4
Metazosin-5.png, Metazosin-5
Methacoilan-1.png, Methacoilan-1
Methacoilan-2.png, Methacoilan-2
Methacoilan-4.png, Methacoilan-4
Methacoilan-5.png, Methacoilan-5
Methadone-1.png, Methadone-1
Methadone-2.png, Methadone-2
Methadone-3.png, Methadone-3
Methadone-4.png, Methadone-4
Methadone.png, Methadone
Methamphetamin-2.png, Methamphetamin-2
Methamphetamin-3.png, Methamphetamin-3
Methamphetamin-4.png, Methamphetamin-4
Methamphetamin-5.png, Methamphetamin-5
Methamphetamin.png, Methamphetamin
Methanol-1.png, Methanol-1
Methanol-2.png, Methanol-2
Methanol-3.png, Methanol-3
Methanol-4.png, Methanol-4
Methanol-5.png, Methanol-5
Methiprilan-1.png, Methiprilan-1
Methiprilan-2.png, Methiprilan-2
Methohexital-1.png, Methohexital-1
Methohexital-2.png, Methohexital-2
Methohexital-3.png, Methohexital-3
Methohexital-4.png, Methohexital-4
Methohexital-5.png, Methohexital-5
Methohexital.png, Methohexital
Methosoximide-1.png, Methosoximide-1
Methosoximide-2.png, Methosoximide-2
Methosoximide-3.png, Methosoximide-3
Methosoximide-4.png, Methosoximide-4
Methosoximide.png, Methosoximide
Methotrexate-1.png, Methotrexate-1
Methotrexate-3.png, Methotrexate-3
Methotrexate-4.png, Methotrexate-4
Methotrexate-5.png, Methotrexate-5
Methotrexate.png, Methotrexate
Methyl Chlorothiazide-1.png, Methyl Chlorothiazide-1
Methyl Chlorothiazide-2.png, Methyl Chlorothiazide-2
Methyl Chlorothiazide-3.png, Methyl Chlorothiazide-3
Methyl Chlorothiazide-4.png, Methyl Chlorothiazide-4
Methyl Chlorothiazide-5.png, Methyl Chlorothiazide-5
Methyl Chlorothiazide.png, Methyl Chlorothiazide
Methyl Pheno Barbital-1.png, Methyl Pheno Barbital-1
Methyl Pheno Barbital-2.png, Methyl Pheno Barbital-2
Methyl Pheno Barbital-3.png, Methyl Pheno Barbital-3
Methyl Pheno Barbital-4.png, Methyl Pheno Barbital-4
Methyl Pheno Barbital-5.png, Methyl Pheno Barbital-5
Methyl Pheno Barbital.png, Methyl Pheno Barbital
Methyl desarphine-1.png, Methyl desarphine-1
Methyl desarphine-2.png, Methyl desarphine-2
Methyl desarphine-3.png, Methyl desarphine-3
Methyl desarphine-5.png, Methyl desarphine-5
Methyl dihydromerphine-2.png, Methyl dihydromerphine-2
Methyl dihydromerphine-3.png, Methyl dihydromerphine-3
Methyl dihydromerphine-5.png, Methyl dihydromerphine-5
Methyl dihydromerphine.png, Methyl dihydromerphine
Methyl phenidet-1.png, Methyl phenidet-1
Methyl phenidet-3.png, Methyl phenidet-3
Methyl phenidet-4.png, Methyl phenidet-4
Methyl phenidet-5.png, Methyl phenidet-5
Methyl phenidet.png, Methyl phenidet
Methyldopa-1.png, Methyldopa-1
Methyldopa-3.png, Methyldopa-3
Methyldopa-4.png, Methyldopa-4
Methyldopa-5.png, Methyldopa-5
Methyldopa.png, Methyldopa
Midazolam-2.png, Midazolam-2
Midazolam-3.png, Midazolam-3
Midazolam-4.png, Midazolam-4
Midazolam.png, Midazolam
Monomustin Hydrochloride-1.png, Monomustin Hydrochloride-1
Monomustin Hydrochloride-2.png, Monomustin Hydrochloride-2
Monomustin Hydrochloride-3.png, Monomustin Hydrochloride-3
Monomustin Hydrochloride-4.png, Monomustin Hydrochloride-4
Monomustin Hydrochloride-5.png, Monomustin Hydrochloride-5
Monomustin Hydrochloride.png, Monomustin Hydrochloride
Moramide-2.png, Moramide-2
Moramide-3.png, Moramide-3
Moramide-4.png, Moramide-4
Moramide-5.png, Moramide-5
Moramide.png, Moramide
Morphine Methyl Bromide-1.png, Morphine Methyl Bromide-1
Morphine Methyl Bromide-2.png, Morphine Methyl Bromide-2
Morphine Methyl Bromide-3.png, Morphine Methyl Bromide-3
Morphine Methyl Bromide-4.png, Morphine Methyl Bromide-4
Morphine Methyl Bromide-5.png, Morphine Methyl Bromide-5
Morphine Methyl Bromide.png, Morphine Methyl Bromide
Morphine Methyl Salphonet-2.png, Morphine Methyl Salphonet-2
Morphine Methyl Salphonet-3.png, Morphine Methyl Salphonet-3
Morphine Methyl Salphonet-4.png, Morphine Methyl Salphonet-4
Morphine Methyl Salphonet-5.png, Morphine Methyl Salphonet-5
Morphine Methyl Salphonet.png, Morphine Methyl Salphonet
Morphine-1.png, Morphine-1
Morphine-2.png, Morphine-2
Morphine-3.png, Morphine-3
Morphine-4.png, Morphine-4
Morphine-5.png, Morphine-5
Morphine.png, Morphine
Morphine–N–oxide-1.png, Morphine–N–oxide-1
Morphine–N–oxide-2.png, Morphine–N–oxide-2
Morphine–N–oxide-3.png, Morphine–N–oxide-3
Morphine–N–oxide-4.png, Morphine–N–oxide-4
Morphine–N–oxide-5.png, Morphine–N–oxide-5
Mustin Hydrochloride-1.png, Mustin Hydrochloride-1
Mustin Hydrochloride-3.png, Mustin Hydrochloride-3
Mustin Hydrochloride-4.png, Mustin Hydrochloride-4
Mustin Hydrochloride-5.png, Mustin Hydrochloride-5
Mustin Hydrochloride.png, Mustin Hydrochloride
Myrophine-2.png, Myrophine-2
Myrophine-4.png, Myrophine-4
Myrophine-5.png, Myrophine-5
Myrophine.png, Myrophine
M–Methyl–3 pipradyle Bengilet-1.png, M–Methyl–3 pipradyle Bengilet-1
M–Methyl–3 pipradyle Bengilet-2.png, M–Methyl–3 pipradyle Bengilet-2
M–Methyl–3 pipradyle Bengilet-3.png, M–Methyl–3 pipradyle Bengilet-3
M–Methyl–3 pipradyle Bengilet-4.png, M–Methyl–3 pipradyle Bengilet-4
M–Methyl–3 pipradyle Bengilet-5.png, M–Methyl–3 pipradyle Bengilet-5
M–Methyl–3 pipradyle Bengilet.png, M–Methyl–3 pipradyle Bengilet
Naracymethadol-1.png, Naracymethadol-1
Naracymethadol-2.png, Naracymethadol-2
Naracymethadol-3.png, Naracymethadol-3
Naracymethadol-4.png, Naracymethadol-4
Naracymethadol-5.png, Naracymethadol-5
Naracymethadol.png, Naracymethadol
Narcodeine-1.png, Narcodeine-1
Narcodeine-2.png, Narcodeine-2
Narcodeine-3.png, Narcodeine-3
Narcodeine-4.png, Narcodeine-4
Narcodeine-5.png, Narcodeine-5
Narcodeine.png, Narcodeine
Narliverphenol-1.png, Narliverphenol-1
Narliverphenol-2.png, Narliverphenol-2
Narliverphenol-3.png, Narliverphenol-3
Narliverphenol-4.png, Narliverphenol-4
Narmethadone-1.png, Narmethadone-1
Narmethadone-2.png, Narmethadone-2
Narmethadone-5.png, Narmethadone-5
Narmethadone.png, Narmethadone
Narmorphine-1.png, Narmorphine-1
Narmorphine-2.png, Narmorphine-2
Narmorphine-3.png, Narmorphine-3
Narmorphine-4.png, Narmorphine-4
Narmorphine-5.png, Narmorphine-5
Narmorphine.png, Narmorphine
Narpipanone-1.png, Narpipanone-1
Narpipanone-2.png, Narpipanone-2
Narpipanone-4.png, Narpipanone-4
Navobiocin-1.png, Navobiocin-1
Navobiocin-2.png, Navobiocin-2
Navobiocin-3.png, Navobiocin-3
Navobiocin-4.png, Navobiocin-4
Navobiocin-5.png, Navobiocin-5
Navobiocin.png, Navobiocin
Neo mycin-2.png, Neo mycin-2
Neo mycin-3.png, Neo mycin-3
Neo mycin-4.png, Neo mycin-4
Neo mycin-5.png, Neo mycin-5
Neostigmine-1.png, Neostigmine-1
Neostigmine-5.png, Neostigmine-5
Neostigmine.png, Neostigmine
Nico morphine-1.png, Nico morphine-1
Nico morphine-3.png, Nico morphine-3
Nico morphine-4.png, Nico morphine-4
Nico morphine-5.png, Nico morphine-5
Nico morphine.png, Nico morphine
Nicocodeine-1.png, Nicocodeine-1
Nicocodeine-2.png, Nicocodeine-2
Nicocodeine-3.png, Nicocodeine-3
Nicocodeine-4.png, Nicocodeine-4
Nicocodeine-5.png, Nicocodeine-5
Nicotine-1.png, Nicotine-1
Nicotine-4.png, Nicotine-4
Nicotine-5.png, Nicotine-5
Nistatin-1.png, Nistatin-1
Nistatin-2.png, Nistatin-2
Nistatin-4.png, Nistatin-4
Nitrazepam-1.png, Nitrazepam-1
Nitrazepam-3.png, Nitrazepam-3
Nitrazepam-5.png, Nitrazepam-5
Nitrazepam.png, Nitrazepam
Nitrofurantoin-1.png, Nitrofurantoin-1
Nitrofurantoin-3.png, Nitrofurantoin-3
Nitrofurantoin-4.png, Nitrofurantoin-4
Nitrofurantoin.png, Nitrofurantoin
Nitrous Oxide-1.png, Nitrous Oxide-1
Nitrous Oxide-3.png, Nitrous Oxide-3
Nitrous Oxide-4.png, Nitrous Oxide-4
Nitrous Oxide-5.png, Nitrous Oxide-5
Nitrous Oxide.png, Nitrous Oxide
Norethisterone-4.png, Norethisterone-4
Norethisterone-5.png, Norethisterone-5
Norethisterone.png, Norethisterone
Noxmomica and Its Alcolides-1.png, Noxmomica and Its Alcolides-1
Noxmomica and Its Alcolides-2.png, Noxmomica and Its Alcolides-2
Noxmomica and Its Alcolides-3.png, Noxmomica and Its Alcolides-3
Noxmomica and Its Alcolides.png, Noxmomica and Its Alcolides
Nullophine-1.png, Nullophine-1
Nullophine-2.png, Nullophine-2
Nullophine-3.png, Nullophine-3
Nullophine.png, Nullophine
N–ethyl–3 piparidyle Benzilet-1.png, N–ethyl–3 piparidyle Benzilet-1
N–ethyl–3 piparidyle Benzilet-3.png, N–ethyl–3 piparidyle Benzilet-3
N–ethyl–3 piparidyle Benzilet-4.png, N–ethyl–3 piparidyle Benzilet-4
N–ethyl–3 piparidyle Benzilet-5.png, N–ethyl–3 piparidyle Benzilet-5
N–ethyl–3 piparidyle Benzilet.png, N–ethyl–3 piparidyle Benzilet
Olindomycin-2.png, Olindomycin-2
Olindomycin-3.png, Olindomycin-3
Olindomycin-4.png, Olindomycin-4
Olindomycin-5.png, Olindomycin-5
Olindomycin.png, Olindomycin
Opium-1.png, Opium-1
Opium-2.png, Opium-2
Opium-3.png, Opium-3
Opium-4.png, Opium-4
Opium-5.png, Opium-5
Opium.png, Opium
Orthocaine-1.png, Orthocaine-1
Orthocaine-2.png, Orthocaine-2
Orthocaine-3.png, Orthocaine-3
Orthocaine-4.png, Orthocaine-4
Orthocaine-5.png, Orthocaine-5
Orthocaine.png, Orthocaine
Oxazepam-3.png, Oxazepam-3
Oxazepam-4.png, Oxazepam-4
Oxazepam-5.png, Oxazepam-5
Oxazolam-1.png, Oxazolam-1
Oxazolam-2.png, Oxazolam-2
Oxazolam-3.png, Oxazolam-3
Oxazolam.png, Oxazolam
Oxazolidine-1.png, Oxazolidine-1
Oxazolidine-2.png, Oxazolidine-2
Oxazolidine-3.png, Oxazolidine-3
Oxazolidine-4.png, Oxazolidine-4
Oxazolidine-5.png, Oxazolidine-5
Oxazolidine.png, Oxazolidine
Oxiphen Butazone-1.png, Oxiphen Butazone-1
Oxiphen Butazone-3.png, Oxiphen Butazone-3
Oxiphen Butazone-4.png, Oxiphen Butazone-4
Oxiphen Butazone.png, Oxiphen Butazone
Oxitocin-1.png, Oxitocin-1
Oxitocin-2.png, Oxitocin-2
Oxitocin-3.png, Oxitocin-3
Oxitocin-4.png, Oxitocin-4
Oxitocin-5.png, Oxitocin-5
Oxitocin.png, Oxitocin
Oxymorphone-1.png, Oxymorphone-1
Oxymorphone-2.png, Oxymorphone-2
Oxymorphone-3.png, Oxymorphone-3
Oxymorphone-4.png, Oxymorphone-4
Oxymorphone-5.png, Oxymorphone-5
Oxymorphone.png, Oxymorphone
Paraldihyde-2.png, Paraldihyde-2
Paraldihyde-3.png, Paraldihyde-3
Paraldihyde-4.png, Paraldihyde-4
Paraldihyde-5.png, Paraldihyde-5
Paraldihyde.png, Paraldihyde
Paraleadoxin-1.png, Paraleadoxin-1
Paraleadoxin-2.png, Paraleadoxin-2
Paraleadoxin-3.png, Paraleadoxin-3
Paraleadoxin-4.png, Paraleadoxin-4
Paraleadoxin-5.png, Paraleadoxin-5
Paraleadoxin.png, Paraleadoxin
Paramethadione-2.png, Paramethadione-2
Paramethadione-3.png, Paramethadione-3
Paramethadione-4.png, Paramethadione-4
Paramethadione.png, Paramethadione
Paraminosolisilic Acid-1.png, Paraminosolisilic Acid-1
Paraminosolisilic Acid-2.png, Paraminosolisilic Acid-2
Paraminosolisilic Acid-3.png, Paraminosolisilic Acid-3
Paraminosolisilic Acid-4.png, Paraminosolisilic Acid-4
Paraminosolisilic Acid-5.png, Paraminosolisilic Acid-5
Paraminosolisilic Acid.png, Paraminosolisilic Acid
Paramomycin-2.png, Paramomycin-2
Paramomycin-3.png, Paramomycin-3
Paramomycin-4.png, Paramomycin-4
Paramomycin-5.png, Paramomycin-5
Paramomycin.png, Paramomycin
Pecazine-1.png, Pecazine-1
Pecazine-2.png, Pecazine-2
Pecazine-3.png, Pecazine-3
Pecazine-4.png, Pecazine-4
Pecazine-5.png, Pecazine-5
Pecazine.png, Pecazine
Pempidine-2.png, Pempidine-2
Pempidine-3.png, Pempidine-3
Pempidine-4.png, Pempidine-4
Pempidine.png, Pempidine
Penicillin and its penicillins-1.png, Penicillin and its penicillins-1
Penicillin and its penicillins-2.png, Penicillin and its penicillins-2
Penicillin and its penicillins-3.png, Penicillin and its penicillins-3
Penicillin and its penicillins-4.png, Penicillin and its penicillins-4
Penicillin and its penicillins-5.png, Penicillin and its penicillins-5
Penicillin and its penicillins.png, Penicillin and its penicillins
Pentamidine-1.png, Pentamidine-1
Pentamidine-2.png, Pentamidine-2
Pentamidine-3.png, Pentamidine-3
Pentamidine-5.png, Pentamidine-5
Pentazocine-1.png, Pentazocine-1
Pentazocine-2.png, Pentazocine-2
Pentazocine-3.png, Pentazocine-3
Pentazocine-4.png, Pentazocine-4
Pentazocine-5.png, Pentazocine-5
Pentazocine.png, Pentazocine
Pentobarbital-1.png, Pentobarbital-1
Pentobarbital-2.png, Pentobarbital-2
Pentobarbital-3.png, Pentobarbital-3
Pentobarbital-4.png, Pentobarbital-4
Pentobarbital-5.png, Pentobarbital-5
Pentobarbital.png, Pentobarbital
Pethidine-1.png, Pethidine-1
Pethidine-2.png, Pethidine-2
Pethidine-3.png, Pethidine-3
Pethidine-4.png, Pethidine-4
Pethidine-5.png, Pethidine-5
Pethidine.png, Pethidine
Petrichloral-1.png, Petrichloral-1
Petrichloral-2.png, Petrichloral-2
Petrichloral-3.png, Petrichloral-3
Petrichloral-4.png, Petrichloral-4
Petrichloral-5.png, Petrichloral-5
Petrichloral.png, Petrichloral
Peyot-1.png, Peyot-1
Peyot-2.png, Peyot-2
Peyot-3.png, Peyot-3
Peyot-4.png, Peyot-4
Peyot-5.png, Peyot-5
Peyot.png, Peyot
Phenadoxon-1.png, Phenadoxon-1
Phenadoxon-2.png, Phenadoxon-2
Phenadoxon-3.png, Phenadoxon-3
Phenadoxon-4.png, Phenadoxon-4
Phenadoxon-5.png, Phenadoxon-5
Phenadoxon.png, Phenadoxon
Phenampromide-1.png, Phenampromide-1
Phenampromide-2.png, Phenampromide-2
Phenampromide-3.png, Phenampromide-3
Phenampromide-4.png, Phenampromide-4
Phenampromide-5.png, Phenampromide-5
Phenampromide.png, Phenampromide
Phenazocine-1.png, Phenazocine-1
Phenazocine-2.png, Phenazocine-2
Phenazocine-3.png, Phenazocine-3
Phenazocine-4.png, Phenazocine-4
Phenazocine-5.png, Phenazocine-5
Phenazocine.png, Phenazocine
Phencyclidine-1.png, Phencyclidine-1
Phencyclidine-2.png, Phencyclidine-2
Phencyclidine-3.png, Phencyclidine-3
Phencyclidine-4.png, Phencyclidine-4
Phencyclidine-5.png, Phencyclidine-5
Phencyclidine.png, Phencyclidine
Phenmetrazine-1.png, Phenmetrazine-1
Phenmetrazine-2.png, Phenmetrazine-2
Phenmetrazine-3.png, Phenmetrazine-3
Phenmetrazine-4.png, Phenmetrazine-4
Phenmetrazine-5.png, Phenmetrazine-5
Phenmetrazine.png, Phenmetrazine
Phennformin-1.png, Phennformin-1
Phennformin-2.png, Phennformin-2
Phennformin-3.png, Phennformin-3
Phennformin-4.png, Phennformin-4
Phennformin-5.png, Phennformin-5
Phennformin.png, Phennformin
Pheno Barbital-1.png, Pheno Barbital-1
Pheno Barbital-2.png, Pheno Barbital-2
Pheno Barbital-3.png, Pheno Barbital-3
Pheno Barbital-4.png, Pheno Barbital-4
Pheno Barbital-5.png, Pheno Barbital-5
Pheno Barbital.png, Pheno Barbital
Phenobarbital-1.png, Phenobarbital-1
Phenobarbital-2.png, Phenobarbital-2
Phenobarbital-3.png, Phenobarbital-3
Phenobarbital-4.png, Phenobarbital-4
Phenobarbital-5.png, Phenobarbital-5
Phenobarbital.png, Phenobarbital
Phenomorphan-1.png, Phenomorphan-1
Phenomorphan-2.png, Phenomorphan-2
Phenomorphan-3.png, Phenomorphan-3
Phenomorphan-4.png, Phenomorphan-4
Phenomorphan-5.png, Phenomorphan-5
Phenomorphan.png, Phenomorphan
Phenoperidine-1.png, Phenoperidine-1
Phenoperidine-2.png, Phenoperidine-2
Phenoperidine-3.png, Phenoperidine-3
Phenoperidine-4.png, Phenoperidine-4
Phenoperidine-5.png, Phenoperidine-5
Phenoperidine.png, Phenoperidine
Phensoximide-1.png, Phensoximide-1
Phensoximide-2.png, Phensoximide-2
Phensoximide-3.png, Phensoximide-3
Phensoximide-4.png, Phensoximide-4
Phensoximide-5.png, Phensoximide-5
Phensoximide.png, Phensoximide
Phentanyle-1.png, Phentanyle-1
Phentanyle-2.png, Phentanyle-2
Phentanyle-3.png, Phentanyle-3
Phentanyle-4.png, Phentanyle-4
Phentanyle-5.png, Phentanyle-5
Phentanyle.png, Phentanyle
Phentermine-1.png, Phentermine-1
Phentermine-2.png, Phentermine-2
Phentermine-3.png, Phentermine-3
Phentermine-4.png, Phentermine-4
Phentermine-5.png, Phentermine-5
Phentermine.png, Phentermine
Phentolamine-1.png, Phentolamine-1
Phentolamine-2.png, Phentolamine-2
Phentolamine-3.png, Phentolamine-3
Phentolamine-4.png, Phentolamine-4
Phentolamine-5.png, Phentolamine-5
Phentolamine.png, Phentolamine
Phenyl Acetyl Urea-1.png, Phenyl Acetyl Urea-1
Phenyl Acetyl Urea-2.png, Phenyl Acetyl Urea-2
Phenyl Acetyl Urea-3.png, Phenyl Acetyl Urea-3
Phenyl Acetyl Urea-4.png, Phenyl Acetyl Urea-4
Phenyl Acetyl Urea-5.png, Phenyl Acetyl Urea-5
Phenyl Acetyl Urea.png, Phenyl Acetyl Urea
Phenyl Butazone-1.png, Phenyl Butazone-1
Phenyl Butazone-2.png, Phenyl Butazone-2
Phenyl Butazone-3.png, Phenyl Butazone-3
Phenyl Butazone-4.png, Phenyl Butazone-4
Phenyl Butazone-5.png, Phenyl Butazone-5
Phenyl Butazone.png, Phenyl Butazone
Phenyl Cinchoninic Acid-1.png, Phenyl Cinchoninic Acid-1
Phenyl Cinchoninic Acid-2.png, Phenyl Cinchoninic Acid-2
Phenyl Cinchoninic Acid-3.png, Phenyl Cinchoninic Acid-3
Phenyl Cinchoninic Acid-4.png, Phenyl Cinchoninic Acid-4
Phenyl Cinchoninic Acid-5.png, Phenyl Cinchoninic Acid-5
Phenyl Cinchoninic Acid.png, Phenyl Cinchoninic Acid
Phenylzine-1.png, Phenylzine-1
Phenylzine-2.png, Phenylzine-2
Phenylzine-3.png, Phenylzine-3
Phenylzine-4.png, Phenylzine-4
Phenylzine-5.png, Phenylzine-5
Phenylzine.png, Phenylzine
Phethidene-1.png, Phethidene-1
Phethidene-2.png, Phethidene-2
Phethidene-3.png, Phethidene-3
Phethidene-4.png, Phethidene-4
Phethidene-5.png, Phethidene-5
Phethidene.png, Phethidene
Phitobemidone-1.png, Phitobemidone-1
Phitobemidone-2.png, Phitobemidone-2
Phitobemidone-3.png, Phitobemidone-3
Phitobemidone-4.png, Phitobemidone-4
Phitobemidone-5.png, Phitobemidone-5
Phitobemidone.png, Phitobemidone
Pholcodine-1.png, Pholcodine-1
Pholcodine-2.png, Pholcodine-2
Pholcodine-3.png, Pholcodine-3
Pholcodine-4.png, Pholcodine-4
Pholcodine-5.png, Pholcodine-5
Pholcodine.png, Pholcodine
Phurethidine-1.png, Phurethidine-1
Phurethidine-2.png, Phurethidine-2
Phurethidine-3.png, Phurethidine-3
Phurethidine-4.png, Phurethidine-4
Phurethidine-5.png, Phurethidine-5
Phurethidine.png, Phurethidine
Phytomenadione-1.png, Phytomenadione-1
Phytomenadione-2.png, Phytomenadione-2
Phytomenadione-3.png, Phytomenadione-3
Phytomenadione-4.png, Phytomenadione-4
Phytomenadione-5.png, Phytomenadione-5
Pilocarpine-1.png, Pilocarpine-1
Pilocarpine-2.png, Pilocarpine-2
Pilocarpine-3.png, Pilocarpine-3
Pilocarpine-4.png, Pilocarpine-4
Pilocarpine-5.png, Pilocarpine-5
Pilocarpine.png, Pilocarpine
Piminodine-1.png, Piminodine-1
Piminodine-2.png, Piminodine-2
Piminodine-3.png, Piminodine-3
Piminodine-4.png, Piminodine-4
Piminodine-5.png, Piminodine-5
Piminodine.png, Piminodine
Piritramide-1.png, Piritramide-1
Piritramide-2.png, Piritramide-2
Piritramide-3.png, Piritramide-3
Piritramide-4.png, Piritramide-4
Piritramide-5.png, Piritramide-5
Piritramide.png, Piritramide
Pitutory Extract-1.png, Pitutory Extract-1
Pitutory Extract-2.png, Pitutory Extract-2
Pitutory Extract-3.png, Pitutory Extract-3
Pitutory Extract-4.png, Pitutory Extract-4
Pitutory Extract-5.png, Pitutory Extract-5
Pitutory Extract.png, Pitutory Extract
Polymyxcin B-1.png, Polymyxcin B-1
Polymyxcin B-2.png, Polymyxcin B-2
Polymyxcin B-3.png, Polymyxcin B-3
Polymyxcin B-4.png, Polymyxcin B-4
Polymyxcin B-5.png, Polymyxcin B-5
Polymyxcin B.png, Polymyxcin B
Polytheouracil-1.png, Polytheouracil-1
Polytheouracil-2.png, Polytheouracil-2
Polytheouracil-3.png, Polytheouracil-3
Polytheouracil-4.png, Polytheouracil-4
Polytheouracil-5.png, Polytheouracil-5
Polytheouracil.png, Polytheouracil
Polythiazide-1.png, Polythiazide-1
Polythiazide-2.png, Polythiazide-2
Polythiazide-3.png, Polythiazide-3
Polythiazide-4.png, Polythiazide-4
Polythiazide-5.png, Polythiazide-5
Polythiazide.png, Polythiazide
Pomegrenet Alcolides-1.png, Pomegrenet Alcolides-1
Pomegrenet Alcolides-2.png, Pomegrenet Alcolides-2
Pomegrenet Alcolides-3.png, Pomegrenet Alcolides-3
Pomegrenet Alcolides-4.png, Pomegrenet Alcolides-4
Pomegrenet Alcolides-5.png, Pomegrenet Alcolides-5
Pomegrenet Alcolides.png, Pomegrenet Alcolides
Prazepam-1.png, Prazepam-1
Prazepam-2.png, Prazepam-2
Prazepam-3.png, Prazepam-3
Prazepam-4.png, Prazepam-4
Prazepam-5.png, Prazepam-5
Prazepam.png, Prazepam
Primaquine-1.png, Primaquine-1
Primaquine-2.png, Primaquine-2
Primaquine-3.png, Primaquine-3
Primaquine-4.png, Primaquine-4
Primaquine-5.png, Primaquine-5
Primaquine.png, Primaquine
Probenicid-1.png, Probenicid-1
Probenicid-2.png, Probenicid-2
Probenicid-3.png, Probenicid-3
Probenicid-4.png, Probenicid-4
Probenicid-5.png, Probenicid-5
Probenicid.png, Probenicid
Procainamide-1.png, Procainamide-1
Procainamide-2.png, Procainamide-2
Procainamide-3.png, Procainamide-3
Procainamide-4.png, Procainamide-4
Procainamide-5.png, Procainamide-5
Procainamide.png, Procainamide
Procaine-1.png, Procaine-1
Procaine-2.png, Procaine-2
Procaine-3.png, Procaine-3
Procaine-4.png, Procaine-4
Procaine-5.png, Procaine-5
Procaine.png, Procaine
Prochloro Perazine-1.png, Prochloro Perazine-1
Prochloro Perazine-2.png, Prochloro Perazine-2
Prochloro Perazine-3.png, Prochloro Perazine-3
Prochloro Perazine-4.png, Prochloro Perazine-4
Prochloro Perazine-5.png, Prochloro Perazine-5
Prochloro Perazine.png, Prochloro Perazine
Proheptazin-1.png, Proheptazin-1
Proheptazin-2.png, Proheptazin-2
Proheptazin-3.png, Proheptazin-3
Proheptazin-4.png, Proheptazin-4
Proheptazin-5.png, Proheptazin-5
Proheptazin.png, Proheptazin
Promethazine Hydrochloride-4.png, Promethazine Hydrochloride-4
Promethazine Hydrochloride.png, Promethazine Hydrochloride
Proparidine.png, Proparidine
Prophen Pyridomine-1.png, Prophen Pyridomine-1
Prophen Pyridomine-4.png, Prophen Pyridomine-4
Prophen Pyridomine.png, Prophen Pyridomine
Propoxyphine-2.png, Propoxyphine-2
Propoxyphine-5.png, Propoxyphine-5
Propoxyphine.png, Propoxyphine
Protamine Sulphate.png, Protamine Sulphate
Provazine-4.png, Provazine-4
Provazine-5.png, Provazine-5
Provazine.png, Provazine
Pyridostigmine-3.png, Pyridostigmine-3
Pyridostigmine.png, Pyridostigmine
Pyrivinium.png, Pyrivinium
Pyrizinamide-5.png, Pyrizinamide-5
Pyrizinamide.png, Pyrizinamide
Quinidine-4.png, Quinidine-4
Quinidine.png, Quinidine
Raolphia Alcolides-1.png, Raolphia Alcolides-1
Raolphia Alcolides-4.png, Raolphia Alcolides-4
Raolphia Alcolides.png, Raolphia Alcolides
Recimeatharphan-1.png, Recimeatharphan-1
Recimeatharphan-4.png, Recimeatharphan-4
Recimeatharphan.png, Recimeatharphan
Recimoramide.png, Recimoramide
Recimorphan-5.png, Recimorphan-5
Recimorphan.png, Recimorphan
Rifampin-2.png, Rifampin-2
Rifampin-5.png, Rifampin-5
Rifampin.png, Rifampin
Sabidila Alcolide.png, Sabidila Alcolide
Sera-5.png, Sera-5
Sera.png, Sera
Serum Protein-3.png, Serum Protein-3
Serum Protein-5.png, Serum Protein-5
Sodium Amidotrizoate-1.png, Sodium Amidotrizoate-1
Sodium Amidotrizoate-3.png, Sodium Amidotrizoate-3
Sodium Amidotrizoate.png, Sodium Amidotrizoate
Spironolactone-1.png, Spironolactone-1
Spironolactone-4.png, Spironolactone-4
Spironolactone-5.png, Spironolactone-5
Spironolactone.png, Spironolactone
Spyromycin-1.png, Spyromycin-1
Spyromycin.png, Spyromycin
Stilbocaptate-1.png, Stilbocaptate-1
Stilbocaptate.png, Stilbocaptate
Stilboglucogate.png, Stilboglucogate
Streptomycin-4.png, Streptomycin-4
Streptomycin-5.png, Streptomycin-5
Streptomycin.png, Streptomycin
Sulfadoxine-2.png, Sulfadoxine-2
Sulfadoxine.png, Sulfadoxine
Sulfameopyrazin.png, Sulfameopyrazin
Sulfamethoxazole-1.png, Sulfamethoxazole-1
Sulfamethoxazole.png, Sulfamethoxazole
Sulfamethoxine-4.png, Sulfamethoxine-4
Sulfamethoxine-5.png, Sulfamethoxine-5
Sulfamethoxine.png, Sulfamethoxine
Sulfamethoxy Pyridizine.png, Sulfamethoxy Pyridizine
Sulfasalazine-1.png, Sulfasalazine-1
Sulfasalazine.png, Sulfasalazine
Sulfasomizole.png, Sulfasomizole
Sulfaurazole-1.png, Sulfaurazole-1
Sulfaurazole-3.png, Sulfaurazole-3
Sulfaurazole.png, Sulfaurazole
Sulphone Methene-1.png, Sulphone Methene-1
Sulphone Methene.png, Sulphone Methene
Sulphone diethyl Methene.png, Sulphone diethyl Methene
Suxamethonium.png, Suxamethonium
Talbutamide-3.png, Talbutamide-3
Talbutamide.png, Talbutamide
Tetracycline and its Derivatives-4.png, Tetracycline and its Derivatives-4
Tetracycline and its Derivatives.png, Tetracycline and its Derivatives
Thalium.png, Thalium
Theo Propazet-3.png, Theo Propazet-3
Theo Propazet.png, Theo Propazet
Theopental Sodium-4.png, Theopental Sodium-4
Theopental Sodium.png, Theopental Sodium
Thiacetazone-3.png, Thiacetazone-3
Thiacetazone-5.png, Thiacetazone-5
Thiacetazone.png, Thiacetazone
Thiobendazole-4.png, Thiobendazole-4
Thiobendazole-5.png, Thiobendazole-5
Thiobendazole.png, Thiobendazole
Thyroid Extract and Thyroxin-2.png, Thyroid Extract and Thyroxin-2
Thyroid Extract and Thyroxin-4.png, Thyroid Extract and Thyroxin-4
Thyroid Extract and Thyroxin.png, Thyroid Extract and Thyroxin
Toxin.png, Toxin
Triamipramine.png, Triamipramine
Triamterene-5.png, Triamterene-5
Triamterene.png, Triamterene
Trianyle Cipromine.png, Trianyle Cipromine
Triazolam-3.png, Triazolam-3
Tribromethanol-1.png, Tribromethanol-1
Tribromethanol-4.png, Tribromethanol-4
Tribromethanol.png, Tribromethanol
Triethanolamine.png, Triethanolamine
Triethinyl Thayo phosphoramide-1.png, Triethinyl Thayo phosphoramide-1
Triethinyl Thayo phosphoramide-4.png, Triethinyl Thayo phosphoramide-4
Triethinyl Thayo phosphoramide.png, Triethinyl Thayo phosphoramide
Triflupromazine-4.png, Triflupromazine-4
Triflupromazine.png, Triflupromazine
Trihexyphenidyl-2.png, Trihexyphenidyl-2
Trihexyphenidyl-5.png, Trihexyphenidyl-5
Trihexyphenidyl.png, Trihexyphenidyl
Trimeperidine.png, Trimeperidine
Tropa cocane-1.png, Tropa cocane-1
Tropa cocane-2.png, Tropa cocane-2
Tropa cocane.png, Tropa cocane
Troxidone.png, Troxidone
Tuberculin-4.png, Tuberculin-4
Tuberculin-5.png, Tuberculin-5
Tuberculin.png, Tuberculin
Vaso precin.png, Vaso precin
Verapamil Injection-5.png, Verapamil Injection-5
Verapamil Injection.png, Verapamil Injection
Veratram Alcolide-1.png, Veratram Alcolide-1
Veratram Alcolide-2.png, Veratram Alcolide-2
Veratram Alcolide-4.png, Veratram Alcolide-4
Veratram Alcolide.png, Veratram Alcolide
Vinblastine.png, Vinblastine
Vincristine-2.png, Vincristine-2
Vincristine.png, Vincristine
Viomycin.png, Viomycin
Vitamin D. as Single preparation-5.png, Vitamin D. as Single preparation-5
Vitamin D. as Single preparation.png, Vitamin D. as Single preparation
Wacitracin.png, Wacitracin
Warfarin-1.png, Warfarin-1
Warfarin-2.png, Warfarin-2
Warfarin-5.png, Warfarin-5
Warfarin.png, Warfarin
Yohimba Alcolide-2.png, Yohimba Alcolide-2
Yohimba Alcolide.png, Yohimba Alcolide
Zinc and it’s compound.png, Zinc and it’s compound
